[
	{
		"inputs": [
			{
				"internalType": "string",
				"name": "name",
				"type": "string"
			},
			{
				"internalType": "string",
				"name": "message",
				"type": "string"
			}
		],
		"name": "donate",
		"outputs": [],
		"stateMutability": "payable",
		"type": "function"
	},
	{
		"inputs": [
			{
				"internalType": "string",
				"name": "title_",
				"type": "string"
			},
			{
				"internalType": "string",
				"name": "description_",
				"type": "string"
			},
			{
				"internalType": "uint256",
				"name": "goalWei_",
				"type": "uint256"
			}
		],
		"stateMutability": "nonpayable",
		"type": "constructor"
	},
	{
		"anonymous": false,
		"inputs": [
			{
				"indexed": true,
				"internalType": "address",
				"name": "donor",
				"type": "address"
			},
			{
				"indexed": false,
				"internalType": "uint256",
				"name": "amountWei",
				"type": "uint256"
			},
			{
				"indexed": false,
				"internalType": "string",
				"name": "name",
				"type": "string"
			},
			{
				"indexed": false,
				"internalType": "string",
				"name": "message",
				"type": "string"
			},
			{
				"indexed": false,
				"internalType": "uint256",
				"name": "timestamp",
				"type": "uint256"
			}
		],
		"name": "Donated",
		"type": "event"
	},
	{
		"inputs": [
			{
				"internalType": "address payable",
				"name": "to",
				"type": "address"
			},
			{
				"internalType": "uint256",
				"name": "amountWei",
				"type": "uint256"
			}
		],
		"name": "withdraw",
		"outputs": [],
		"stateMutability": "nonpayable",
		"type": "function"
	},
	{
		"anonymous": false,
		"inputs": [
			{
				"indexed": true,
				"internalType": "address",
				"name": "to",
				"type": "address"
			},
			{
				"indexed": false,
				"internalType": "uint256",
				"name": "amountWei",
				"type": "uint256"
			},
			{
				"indexed": false,
				"internalType": "uint256",
				"name": "timestamp",
				"type": "uint256"
			}
		],
		"name": "Withdrawn",
		"type": "event"
	},
	{
		"inputs": [],
		"name": "contractBalance",
		"outputs": [
			{
				"internalType": "uint256",
				"name": "",
				"type": "uint256"
			}
		],
		"stateMutability": "view",
		"type": "function"
	},
	{
		"inputs": [],
		"name": "description",
		"outputs": [
			{
				"internalType": "string",
				"name": "",
				"type": "string"
			}
		],
		"stateMutability": "view",
		"type": "function"
	},
	{
		"inputs": [],
		"name": "goalWei",
		"outputs": [
			{
				"internalType": "uint256",
				"name": "",
				"type": "uint256"
			}
		],
		"stateMutability": "view",
		"type": "function"
	},
	{
		"inputs": [],
		"name": "isGoalReached",
		"outputs": [
			{
				"internalType": "bool",
				"name": "",
				"type": "bool"
			}
		],
		"stateMutability": "view",
		"type": "function"
	},
	{
		"inputs": [],
		"name": "owner",
		"outputs": [
			{
				"internalType": "address",
				"name": "",
				"type": "address"
			}
		],
		"stateMutability": "view",
		"type": "function"
	},
	{
		"inputs": [],
		"name": "title",
		"outputs": [
			{
				"internalType": "string",
				"name": "",
				"type": "string"
			}
		],
		"stateMutability": "view",
		"type": "function"
	},
	{
		"inputs": [],
		"name": "totalRaisedWei",
		"outputs": [
			{
				"internalType": "uint256",
				"name": "",
				"type": "uint256"
			}
		],
		"stateMutability": "view",
		"type": "function"
	}
]